amino_acid,codon,total,per_1000,fraction
Ala,GCG,197,38.5,0.38
Ala,GCA,108,21.1,0.21
Ala,GCT,55,10.7,0.11
Ala,GCC,162,31.6,0.31
Arg,CGG,21,4.1,0.07
Arg,CGA,22,4.3,0.07
Arg,CGT,108,21.1,0.36
Arg,AGA,7,1.4,0.02
Arg,AGG,8,1.6,0.03
Arg,CGC,133,26.0,0.44
Asn,AAC,125,24.4,0.53
Asn,AAT,112,21.9,0.47
Asp,GAC,105,20.5,0.35
Asp,GAT,194,37.9,0.65
Cys,TGC,41,8.0,0.58
Cys,TGT,30,5.9,0.42
Gln,CAA,62,12.1,0.3
Gln,CAG,142,27.7,0.7
Glu,GAA,224,43.7,0.7
Glu,GAG,94,18.4,0.3
Gly,GGT,109,21.3,0.29
Gly,GGC,171,33.4,0.46
Gly,GGA,47,9.2,0.13
Gly,GGG,44,8.6,0.12
His,CAT,81,15.8,0.55
His,CAC,67,13.1,0.45
Ile,ATT,156,30.5,0.58
Ile,ATC,93,18.2,0.35
Ile,ATA,19,3.7,0.07
Leu,CTA,27,5.3,0.05
Leu,TTA,78,15.2,0.15
Leu,CTC,54,10.5,0.1
Leu,CTG,240,46.9,0.46
Leu,TTG,61,11.9,0.12
Leu,CTT,61,11.9,0.12
Lys,AAG,62,12.1,0.27
Lys,AAA,170,33.2,0.73
Met,ATG,127,24.8,1.0
Phe,TTC,77,15.0,0.43
Phe,TTT,101,19.7,0.57
Pro,CCA,34,6.6,0.14
Pro,CCC,33,6.4,0.13
Pro,CCT,43,8.4,0.17
Pro,CCG,137,26.7,0.55
Ser,TCT,29,5.7,0.11
Ser,AGT,37,7.2,0.14
Ser,TCC,28,5.5,0.11
Ser,TCG,41,8.0,0.16
Ser,TCA,40,7.8,0.15
Ser,AGC,85,16.6,0.33
Stop,TAA,9,1.8,0.64
Stop,TAG,0,0.0,0.0
Stop,TGA,5,1.0,0.36
Thr,ACG,59,11.5,0.24
Thr,ACT,41,8.0,0.16
Thr,ACC,117,22.8,0.47
Thr,ACA,33,6.4,0.13
Trp,TGG,55,10.7,1.0
Tyr,TAC,75,14.6,0.47
Tyr,TAT,86,16.8,0.53
Val,GTC,60,11.7,0.18
Val,GTT,86,16.8,0.25
Val,GTA,59,11.5,0.17
Val,GTG,135,26.4,0.4
